filepath,pore,polymer_name,temperature,voltage,channel,id,part,date
raw_data/20221811-10uMOxytocin-4MKCl/20221811_K238A_10uMOxytocin_20C_100mV_11/20221811_K238A_10uMOxytocin_20C_100mV_11_CH002_000.abf,K238A,10uMOxytocin,20,100,002,11,000,20221811
raw_data/20221811-10uMOxytocin-4MKCl/20221811_K238A_10uMOxytocin_20C_100mV_11/20221811_K238A_10uMOxytocin_20C_100mV_11_CH004_000.abf,K238A,10uMOxytocin,20,100,004,11,000,20221811
raw_data/20221811-10uMOxytocin-4MKCl/20221811_K238A_10uMOxytocin_20C_100mV_2/20221811_K238A_10uMOxytocin_20C_100mV_2_CH002_000.abf,K238A,10uMOxytocin,20,100,002,2,000,20221811
raw_data/20221811-10uMOxytocin-4MKCl/20221811_K238A_10uMOxytocin_20C_100mV_2/20221811_K238A_10uMOxytocin_20C_100mV_2_CH002_001.abf,K238A,10uMOxytocin,20,100,002,2,001,20221811
raw_data/20221811-10uMOxytocin-4MKCl/20221811_K238A_10uMOxytocin_20C_100mV_5/20221811_K238A_10uMOxytocin_20C_100mV_5_CH002_000.abf,K238A,10uMOxytocin,20,100,002,5,000,20221811
raw_data/20221811-10uMOxytocin-4MKCl/20221811_K238A_10uMOxytocin_20C_100mV_6/20221811_K238A_10uMOxytocin_20C_100mV_6_CH002_000.abf,K238A,10uMOxytocin,20,100,002,6,000,20221811
raw_data/20221811-10uMOxytocin-4MKCl/20221811_K238A_10uMOxytocin_20C_100mV_7/20221811_K238A_10uMOxytocin_20C_100mV_7_CH003_000.abf,K238A,10uMOxytocin,20,100,003,7,000,20221811
raw_data/20221811-10uMOxytocin-4MKCl/20221811_K238A_10uMOxytocin_20C_100mV_8/20221811_K238A_10uMOxytocin_20C_100mV_8_CH004_000.abf,K238A,10uMOxytocin,20,100,004,8,000,20221811
raw_data/20221811-10uMOxytocin-4MKCl/20221811_K238A_10uMOxytocin_20C_100mV_8/20221811_K238A_10uMOxytocin_20C_100mV_8_CH004_001.abf,K238A,10uMOxytocin,20,100,004,8,001,20221811
raw_data/20221811-10uMOxytocin-4MKCl/20221811_K238A_10uMOxytocin_20C_110mV_11/20221811_K238A_10uMOxytocin_20C_110mV_11_CH002_000.abf,K238A,10uMOxytocin,20,110,002,11,000,20221811
raw_data/20221811-10uMOxytocin-4MKCl/20221811_K238A_10uMOxytocin_20C_110mV_11/20221811_K238A_10uMOxytocin_20C_110mV_11_CH002_001.abf,K238A,10uMOxytocin,20,110,002,11,001,20221811
raw_data/20221811-10uMOxytocin-4MKCl/20221811_K238A_10uMOxytocin_20C_110mV_11/20221811_K238A_10uMOxytocin_20C_110mV_11_CH004_000.abf,K238A,10uMOxytocin,20,110,004,11,000,20221811
raw_data/20221811-10uMOxytocin-4MKCl/20221811_K238A_10uMOxytocin_20C_110mV_11/20221811_K238A_10uMOxytocin_20C_110mV_11_CH004_001.abf,K238A,10uMOxytocin,20,110,004,11,001,20221811
raw_data/20221811-10uMOxytocin-4MKCl/20221811_K238A_10uMOxytocin_20C_110mV_2/20221811_K238A_10uMOxytocin_20C_110mV_2_CH002_000.abf,K238A,10uMOxytocin,20,110,002,2,000,20221811
raw_data/20221811-10uMOxytocin-4MKCl/20221811_K238A_10uMOxytocin_20C_110mV_3/20221811_K238A_10uMOxytocin_20C_110mV_3_CH003_000.abf,K238A,10uMOxytocin,20,110,003,3,000,20221811
raw_data/20221811-10uMOxytocin-4MKCl/20221811_K238A_10uMOxytocin_20C_110mV_4/20221811_K238A_10uMOxytocin_20C_110mV_4_CH002_000.abf,K238A,10uMOxytocin,20,110,002,4,000,20221811
raw_data/20221811-10uMOxytocin-4MKCl/20221811_K238A_10uMOxytocin_20C_110mV_4/20221811_K238A_10uMOxytocin_20C_110mV_4_CH002_001.abf,K238A,10uMOxytocin,20,110,002,4,001,20221811
raw_data/20221811-10uMOxytocin-4MKCl/20221811_K238A_10uMOxytocin_20C_110mV_4/20221811_K238A_10uMOxytocin_20C_110mV_4_CH003_000.abf,K238A,10uMOxytocin,20,110,003,4,000,20221811
raw_data/20221811-10uMOxytocin-4MKCl/20221811_K238A_10uMOxytocin_20C_110mV_4/20221811_K238A_10uMOxytocin_20C_110mV_4_CH003_001.abf,K238A,10uMOxytocin,20,110,003,4,001,20221811
raw_data/20221811-10uMOxytocin-4MKCl/20221811_K238A_10uMOxytocin_20C_110mV_8/20221811_K238A_10uMOxytocin_20C_110mV_8_CH004_000.abf,K238A,10uMOxytocin,20,110,004,8,000,20221811
raw_data/20221811-10uMOxytocin-4MKCl/20221811_K238A_10uMOxytocin_20C_140mV_10/20221811_K238A_10uMOxytocin_20C_140mV_10_CH001_000.abf,K238A,10uMOxytocin,20,140,001,10,000,20221811
raw_data/20221811-10uMOxytocin-4MKCl/20221811_K238A_10uMOxytocin_20C_140mV_9/20221811_K238A_10uMOxytocin_20C_140mV_9_CH003_000.abf,K238A,10uMOxytocin,20,140,003,9,000,20221811
raw_data/20221811-10uMOxytocin-4MKCl/20221811_K238A_10uMOxytocin_20C_90mV_11/20221811_K238A_10uMOxytocin_20C_90mV_11_CH002_000.abf,K238A,10uMOxytocin,20,90,002,11,000,20221811
raw_data/20221811-10uMOxytocin-4MKCl/20221811_K238A_10uMOxytocin_20C_90mV_11/20221811_K238A_10uMOxytocin_20C_90mV_11_CH002_001.abf,K238A,10uMOxytocin,20,90,002,11,001,20221811
raw_data/20221811-10uMOxytocin-4MKCl/20221811_K238A_10uMOxytocin_20C_90mV_11/20221811_K238A_10uMOxytocin_20C_90mV_11_CH004_000.abf,K238A,10uMOxytocin,20,90,004,11,000,20221811
raw_data/20221811-10uMOxytocin-4MKCl/20221811_K238A_10uMOxytocin_20C_90mV_11/20221811_K238A_10uMOxytocin_20C_90mV_11_CH004_001.abf,K238A,10uMOxytocin,20,90,004,11,001,20221811
raw_data/20221811-10uMOxytocin-4MKCl/20221811_K238A_10uMOxytocin_20C_90mV_2/20221811_K238A_10uMOxytocin_20C_90mV_2_CH002_000.abf,K238A,10uMOxytocin,20,90,002,2,000,20221811
raw_data/20221811-10uMOxytocin-4MKCl/20221811_K238A_10uMOxytocin_20C_90mV_2/20221811_K238A_10uMOxytocin_20C_90mV_2_CH002_001.abf,K238A,10uMOxytocin,20,90,002,2,001,20221811
raw_data/20221811-10uMOxytocin-4MKCl/20221811_K238A_10uMOxytocin_20C_90mV_8/20221811_K238A_10uMOxytocin_20C_90mV_8_CH004_000.abf,K238A,10uMOxytocin,20,90,004,8,000,20221811
raw_data/20221811-10uMOxytocin-4MKCl/20221811_K238A_10uMOxytocin_20C_90mV_8/20221811_K238A_10uMOxytocin_20C_90mV_8_CH004_001.abf,K238A,10uMOxytocin,20,90,004,8,001,20221811
raw_data/20221811-10uMOxytocin-4MKCl/20221811_K238A_none_20C_100mV_1/20221811_K238A_none_20C_100mV_1_CH003_000.abf,K238A,10uMOxytocin,20,100,003,1,000,20221811
raw_data/20222511-5uMVasopressin-4MKCl/20222511_K238A_5uMVasopressin_20C_100mV_2/20222511_K238A_5uMVasopressin_20C_100mV_2_CH003_000.abf,K238A,5uMVasopressin,20,100,003,2,000,20222511
raw_data/20222511-5uMVasopressin-4MKCl/20222511_K238A_5uMVasopressin_20C_100mV_3/20222511_K238A_5uMVasopressin_20C_100mV_3_CH001_000.abf,K238A,5uMVasopressin,20,100,001,3,000,20222511
raw_data/20222511-5uMVasopressin-4MKCl/20222511_K238A_5uMVasopressin_20C_100mV_3/20222511_K238A_5uMVasopressin_20C_100mV_3_CH001_001.abf,K238A,5uMVasopressin,20,100,001,3,001,20222511
raw_data/20222511-5uMVasopressin-4MKCl/20222511_K238A_5uMVasopressin_20C_100mV_8/20222511_K238A_5uMVasopressin_20C_100mV_8_CH003_000.abf,K238A,5uMVasopressin,20,100,003,8,000,20222511
raw_data/20222511-5uMVasopressin-4MKCl/20222511_K238A_5uMVasopressin_20C_100mV_9/20222511_K238A_5uMVasopressin_20C_100mV_9_CH004_000.abf,K238A,5uMVasopressin,20,100,004,9,000,20222511
raw_data/20222511-5uMVasopressin-4MKCl/20222511_K238A_5uMVasopressin_20C_110mV_10/20222511_K238A_5uMVasopressin_20C_110mV_10_CH004_000.abf,K238A,5uMVasopressin,20,110,004,10,000,20222511
raw_data/20222511-5uMVasopressin-4MKCl/20222511_K238A_5uMVasopressin_20C_110mV_13/20222511_K238A_5uMVasopressin_20C_110mV_13_CH001_000.abf,K238A,5uMVasopressin,20,110,001,13,000,20222511
raw_data/20222511-5uMVasopressin-4MKCl/20222511_K238A_5uMVasopressin_20C_110mV_13/20222511_K238A_5uMVasopressin_20C_110mV_13_CH001_001.abf,K238A,5uMVasopressin,20,110,001,13,001,20222511
raw_data/20222511-5uMVasopressin-4MKCl/20222511_K238A_5uMVasopressin_20C_110mV_3/20222511_K238A_5uMVasopressin_20C_110mV_3_CH001_000.abf,K238A,5uMVasopressin,20,110,001,3,000,20222511
raw_data/20222511-5uMVasopressin-4MKCl/20222511_K238A_5uMVasopressin_20C_110mV_4/20222511_K238A_5uMVasopressin_20C_110mV_4_CH004_000.abf,K238A,5uMVasopressin,20,110,004,4,000,20222511
raw_data/20222511-5uMVasopressin-4MKCl/20222511_K238A_5uMVasopressin_20C_110mV_5/20222511_K238A_5uMVasopressin_20C_110mV_5_CH001_000.abf,K238A,5uMVasopressin,20,110,001,5,000,20222511
raw_data/20222511-5uMVasopressin-4MKCl/20222511_K238A_5uMVasopressin_20C_110mV_6/20222511_K238A_5uMVasopressin_20C_110mV_6_CH002_000.abf,K238A,5uMVasopressin,20,110,002,6,000,20222511
raw_data/20222511-5uMVasopressin-4MKCl/20222511_K238A_5uMVasopressin_20C_110mV_7/20222511_K238A_5uMVasopressin_20C_110mV_7_CH001_000.abf,K238A,5uMVasopressin,20,110,001,7,000,20222511
raw_data/20222511-5uMVasopressin-4MKCl/20222511_K238A_5uMVasopressin_20C_110mV_7/20222511_K238A_5uMVasopressin_20C_110mV_7_CH001_001.abf,K238A,5uMVasopressin,20,110,001,7,001,20222511
raw_data/20222511-5uMVasopressin-4MKCl/20222511_K238A_5uMVasopressin_20C_120mV_13/20222511_K238A_5uMVasopressin_20C_120mV_13_CH001_000.abf,K238A,5uMVasopressin,20,120,001,13,000,20222511
raw_data/20222511-5uMVasopressin-4MKCl/20222511_K238A_5uMVasopressin_20C_120mV_13/20222511_K238A_5uMVasopressin_20C_120mV_13_CH001_001.abf,K238A,5uMVasopressin,20,120,001,13,001,20222511
raw_data/20222511-5uMVasopressin-4MKCl/20222511_K238A_5uMVasopressin_20C_120mV_7/20222511_K238A_5uMVasopressin_20C_120mV_7_CH001_000.abf,K238A,5uMVasopressin,20,120,001,7,000,20222511
raw_data/20222511-5uMVasopressin-4MKCl/20222511_K238A_5uMVasopressin_20C_120mV_7/20222511_K238A_5uMVasopressin_20C_120mV_7_CH001_001.abf,K238A,5uMVasopressin,20,120,001,7,001,20222511
raw_data/20222511-5uMVasopressin-4MKCl/20222511_K238A_5uMVasopressin_20C_130mV_13/20222511_K238A_5uMVasopressin_20C_130mV_13_CH001_000.abf,K238A,5uMVasopressin,20,130,001,13,000,20222511
raw_data/20222511-5uMVasopressin-4MKCl/20222511_K238A_5uMVasopressin_20C_130mV_13/20222511_K238A_5uMVasopressin_20C_130mV_13_CH001_001.abf,K238A,5uMVasopressin,20,130,001,13,001,20222511
raw_data/20222511-5uMVasopressin-4MKCl/20222511_K238A_5uMVasopressin_20C_130mV_7/20222511_K238A_5uMVasopressin_20C_130mV_7_CH001_000.abf,K238A,5uMVasopressin,20,130,001,7,000,20222511
raw_data/20222511-5uMVasopressin-4MKCl/20222511_K238A_5uMVasopressin_20C_130mV_7/20222511_K238A_5uMVasopressin_20C_130mV_7_CH001_001.abf,K238A,5uMVasopressin,20,130,001,7,001,20222511
raw_data/20222511-5uMVasopressin-4MKCl/20222511_K238A_5uMVasopressin_20C_140mV_13/20222511_K238A_5uMVasopressin_20C_140mV_13_CH001_000.abf,K238A,5uMVasopressin,20,140,001,13,000,20222511
raw_data/20222511-5uMVasopressin-4MKCl/20222511_K238A_5uMVasopressin_20C_140mV_13/20222511_K238A_5uMVasopressin_20C_140mV_13_CH001_001.abf,K238A,5uMVasopressin,20,140,001,13,001,20222511
raw_data/20222511-5uMVasopressin-4MKCl/20222511_K238A_5uMVasopressin_20C_140mV_7/20222511_K238A_5uMVasopressin_20C_140mV_7_CH001_000.abf,K238A,5uMVasopressin,20,140,001,7,000,20222511
raw_data/20222511-5uMVasopressin-4MKCl/20222511_K238A_5uMVasopressin_20C_90mV_11/20222511_K238A_5uMVasopressin_20C_90mV_11_CH003_000.abf,K238A,5uMVasopressin,20,90,003,11,000,20222511
raw_data/20222511-5uMVasopressin-4MKCl/20222511_K238A_5uMVasopressin_20C_90mV_11/20222511_K238A_5uMVasopressin_20C_90mV_11_CH003_001.abf,K238A,5uMVasopressin,20,90,003,11,001,20222511
raw_data/20222511-5uMVasopressin-4MKCl/20222511_K238A_5uMVasopressin_20C_90mV_12/20222511_K238A_5uMVasopressin_20C_90mV_12_CH003_000.abf,K238A,5uMVasopressin,20,90,003,12,000,20222511
raw_data/20222511-5uMVasopressin-4MKCl/20222511_K238A_none_20C_100mV_1/20222511_K238A_none_20C_100mV_1_CH001_000.abf,K238A,5uMVasopressin,20,100,001,1,000,20222511
raw_data/20222411-10uMVasopressin-4MKCl/20222411_K238A_10uMVasopressin_20C_100mV_1/20222411_K238A_10uMVasopressin_20C_100mV_1_CH003_000.abf,K238A,10uMVasopressin,20,100,003,1,000,20222411
raw_data/20222411-10uMVasopressin-4MKCl/20222411_K238A_10uMVasopressin_20C_100mV_2/20222411_K238A_10uMVasopressin_20C_100mV_2_CH003_000.abf,K238A,10uMVasopressin,20,100,003,2,000,20222411
raw_data/20222411-10uMVasopressin-4MKCl/20222411_K238A_10uMVasopressin_20C_100mV_2/20222411_K238A_10uMVasopressin_20C_100mV_2_CH003_001.abf,K238A,10uMVasopressin,20,100,003,2,001,20222411
raw_data/20222411-10uMVasopressin-4MKCl/20222411_K238A_10uMVasopressin_20C_100mV_3/20222411_K238A_10uMVasopressin_20C_100mV_3_CH001_000.abf,K238A,10uMVasopressin,20,100,001,3,000,20222411
raw_data/20222411-10uMVasopressin-4MKCl/20222411_K238A_10uMVasopressin_20C_100mV_4/20222411_K238A_10uMVasopressin_20C_100mV_4_CH001_000.abf,K238A,10uMVasopressin,20,100,001,4,000,20222411
raw_data/20222411-10uMVasopressin-4MKCl/20222411_K238A_10uMVasopressin_20C_100mV_4/20222411_K238A_10uMVasopressin_20C_100mV_4_CH001_001.abf,K238A,10uMVasopressin,20,100,001,4,001,20222411
raw_data/20222411-10uMVasopressin-4MKCl/20222411_K238A_10uMVasopressin_20C_100mV_4/20222411_K238A_10uMVasopressin_20C_100mV_4_CH004_000.abf,K238A,10uMVasopressin,20,100,004,4,000,20222411
raw_data/20222411-10uMVasopressin-4MKCl/20222411_K238A_10uMVasopressin_20C_100mV_4/20222411_K238A_10uMVasopressin_20C_100mV_4_CH004_001.abf,K238A,10uMVasopressin,20,100,004,4,001,20222411
raw_data/20222411-10uMVasopressin-4MKCl/20222411_K238A_10uMVasopressin_20C_100mV_6/20222411_K238A_10uMVasopressin_20C_100mV_6_CH003_000.abf,K238A,10uMVasopressin,20,100,003,6,000,20222411
raw_data/20222411-10uMVasopressin-4MKCl/20222411_K238A_10uMVasopressin_20C_100mV_6/20222411_K238A_10uMVasopressin_20C_100mV_6_CH003_001.abf,K238A,10uMVasopressin,20,100,003,6,001,20222411
raw_data/20222411-10uMVasopressin-4MKCl/20222411_K238A_10uMVasopressin_20C_110mV_4/20222411_K238A_10uMVasopressin_20C_110mV_4_CH001_000.abf,K238A,10uMVasopressin,20,110,001,4,000,20222411
raw_data/20222411-10uMVasopressin-4MKCl/20222411_K238A_10uMVasopressin_20C_110mV_4/20222411_K238A_10uMVasopressin_20C_110mV_4_CH001_001.abf,K238A,10uMVasopressin,20,110,001,4,001,20222411
raw_data/20222411-10uMVasopressin-4MKCl/20222411_K238A_10uMVasopressin_20C_110mV_4/20222411_K238A_10uMVasopressin_20C_110mV_4_CH004_000.abf,K238A,10uMVasopressin,20,110,004,4,000,20222411
raw_data/20222411-10uMVasopressin-4MKCl/20222411_K238A_10uMVasopressin_20C_110mV_4/20222411_K238A_10uMVasopressin_20C_110mV_4_CH004_001.abf,K238A,10uMVasopressin,20,110,004,4,001,20222411
raw_data/20222411-10uMVasopressin-4MKCl/20222411_K238A_10uMVasopressin_20C_110mV_6/20222411_K238A_10uMVasopressin_20C_110mV_6_CH003_000.abf,K238A,10uMVasopressin,20,110,003,6,000,20222411
raw_data/20222411-10uMVasopressin-4MKCl/20222411_K238A_10uMVasopressin_20C_110mV_7/20222411_K238A_10uMVasopressin_20C_110mV_7_CH003_000.abf,K238A,10uMVasopressin,20,110,003,7,000,20222411
raw_data/20222411-10uMVasopressin-4MKCl/20222411_K238A_10uMVasopressin_20C_110mV_7/20222411_K238A_10uMVasopressin_20C_110mV_7_CH003_001.abf,K238A,10uMVasopressin,20,110,003,7,001,20222411
raw_data/20222411-10uMVasopressin-4MKCl/20222411_K238A_10uMVasopressin_20C_120mV_4/20222411_K238A_10uMVasopressin_20C_120mV_4_CH001_000.abf,K238A,10uMVasopressin,20,120,001,4,000,20222411
raw_data/20222411-10uMVasopressin-4MKCl/20222411_K238A_10uMVasopressin_20C_120mV_4/20222411_K238A_10uMVasopressin_20C_120mV_4_CH004_000.abf,K238A,10uMVasopressin,20,120,004,4,000,20222411
raw_data/20222411-10uMVasopressin-4MKCl/20222411_K238A_10uMVasopressin_20C_120mV_7/20222411_K238A_10uMVasopressin_20C_120mV_7_CH003_000.abf,K238A,10uMVasopressin,20,120,003,7,000,20222411
raw_data/20222411-10uMVasopressin-4MKCl/20222411_K238A_10uMVasopressin_20C_130mV_8/20222411_K238A_10uMVasopressin_20C_130mV_8_CH001_000.abf,K238A,10uMVasopressin,20,130,001,8,000,20222411
raw_data/20222411-10uMVasopressin-4MKCl/20222411_K238A_10uMVasopressin_20C_130mV_8/20222411_K238A_10uMVasopressin_20C_130mV_8_CH001_001.abf,K238A,10uMVasopressin,20,130,001,8,001,20222411
raw_data/20222411-10uMVasopressin-4MKCl/20222411_K238A_10uMVasopressin_20C_140mV_8/20222411_K238A_10uMVasopressin_20C_140mV_8_CH001_000.abf,K238A,10uMVasopressin,20,140,001,8,000,20222411
raw_data/20222411-10uMVasopressin-4MKCl/20222411_K238A_10uMVasopressin_20C_140mV_8/20222411_K238A_10uMVasopressin_20C_140mV_8_CH001_001.abf,K238A,10uMVasopressin,20,140,001,8,001,20222411
raw_data/20222411-10uMVasopressin-4MKCl/20222411_K238A_10uMVasopressin_20C_90mV_5/20222411_K238A_10uMVasopressin_20C_90mV_5_CH003_000.abf,K238A,10uMVasopressin,20,90,003,5,000,20222411
raw_data/20222411-10uMVasopressin-4MKCl/20222411_K238A_none_20C_100mV_1/20222411_K238A_none_20C_100mV_1_CH003_000.abf,K238A,10uMVasopressin,20,100,003,1,000,20222411
raw_data/20221711-10uMOxytocin-4MKCl/20221711_K238A_10uMOxytocin_20C_100mV_2/20221711_K238A_10uMOxytocin_20C_100mV_2_CH002_000.abf,K238A,10uMOxytocin,20,100,002,2,000,20221711
raw_data/20221711-10uMOxytocin-4MKCl/20221711_K238A_10uMOxytocin_20C_110mV_3/20221711_K238A_10uMOxytocin_20C_110mV_3_CH002_000.abf,K238A,10uMOxytocin,20,110,002,3,000,20221711
raw_data/20221711-10uMOxytocin-4MKCl/20221711_K238A_10uMOxytocin_20C_110mV_4/20221711_K238A_10uMOxytocin_20C_110mV_4_CH004_000.abf,K238A,10uMOxytocin,20,110,004,4,000,20221711
raw_data/20221711-10uMOxytocin-4MKCl/20221711_K238A_10uMOxytocin_20C_110mV_4/20221711_K238A_10uMOxytocin_20C_110mV_4_CH004_001.abf,K238A,10uMOxytocin,20,110,004,4,001,20221711
raw_data/20221711-10uMOxytocin-4MKCl/20221711_K238A_10uMOxytocin_20C_110mV_5/20221711_K238A_10uMOxytocin_20C_110mV_5_CH004_000.abf,K238A,10uMOxytocin,20,110,004,5,000,20221711
raw_data/20221711-10uMOxytocin-4MKCl/20221711_K238A_10uMOxytocin_20C_110mV_5/20221711_K238A_10uMOxytocin_20C_110mV_5_CH004_001.abf,K238A,10uMOxytocin,20,110,004,5,001,20221711
raw_data/20221711-10uMOxytocin-4MKCl/20221711_K238A_10uMOxytocin_20C_120mV_4/20221711_K238A_10uMOxytocin_20C_120mV_4_CH004_000.abf,K238A,10uMOxytocin,20,120,004,4,000,20221711
raw_data/20221711-10uMOxytocin-4MKCl/20221711_K238A_10uMOxytocin_20C_120mV_4/20221711_K238A_10uMOxytocin_20C_120mV_4_CH004_001.abf,K238A,10uMOxytocin,20,120,004,4,001,20221711
raw_data/20221711-10uMOxytocin-4MKCl/20221711_K238A_10uMOxytocin_20C_120mV_5/20221711_K238A_10uMOxytocin_20C_120mV_5_CH004_000.abf,K238A,10uMOxytocin,20,120,004,5,000,20221711
raw_data/20221711-10uMOxytocin-4MKCl/20221711_K238A_10uMOxytocin_20C_120mV_5/20221711_K238A_10uMOxytocin_20C_120mV_5_CH004_001.abf,K238A,10uMOxytocin,20,120,004,5,001,20221711
raw_data/20221711-10uMOxytocin-4MKCl/20221711_K238A_10uMOxytocin_20C_130mV_4/20221711_K238A_10uMOxytocin_20C_130mV_4_CH004_000.abf,K238A,10uMOxytocin,20,130,004,4,000,20221711
raw_data/20221711-10uMOxytocin-4MKCl/20221711_K238A_10uMOxytocin_20C_130mV_4/20221711_K238A_10uMOxytocin_20C_130mV_4_CH004_001.abf,K238A,10uMOxytocin,20,130,004,4,001,20221711
raw_data/20221711-10uMOxytocin-4MKCl/20221711_K238A_10uMOxytocin_20C_130mV_5/20221711_K238A_10uMOxytocin_20C_130mV_5_CH004_000.abf,K238A,10uMOxytocin,20,130,004,5,000,20221711
raw_data/20221711-10uMOxytocin-4MKCl/20221711_K238A_10uMOxytocin_20C_130mV_5/20221711_K238A_10uMOxytocin_20C_130mV_5_CH004_001.abf,K238A,10uMOxytocin,20,130,004,5,001,20221711
raw_data/20221711-10uMOxytocin-4MKCl/20221711_K238A_10uMOxytocin_20C_140mV_4/20221711_K238A_10uMOxytocin_20C_140mV_4_CH004_000.abf,K238A,10uMOxytocin,20,140,004,4,000,20221711
raw_data/20221711-10uMOxytocin-4MKCl/20221711_K238A_10uMOxytocin_20C_140mV_5/20221711_K238A_10uMOxytocin_20C_140mV_5_CH004_000.abf,K238A,10uMOxytocin,20,140,004,5,000,20221711
raw_data/20221711-10uMOxytocin-4MKCl/20221711_K238A_10uMOxytocin_20C_140mV_5/20221711_K238A_10uMOxytocin_20C_140mV_5_CH004_001.abf,K238A,10uMOxytocin,20,140,004,5,001,20221711
raw_data/20221711-10uMOxytocin-4MKCl/20221711_K238A_10uMOxytocin_20C_90mV_5/20221711_K238A_10uMOxytocin_20C_90mV_5_CH004_000.abf,K238A,10uMOxytocin,20,90,004,5,000,20221711
raw_data/20221711-10uMOxytocin-4MKCl/20221711_K238A_none_20C_100mV_1/20221711_K238A_none_20C_100mV_1_CH002_000.abf,K238A,10uMOxytocin,20,100,002,1,000,20221711
raw_data/20221711-10uMOxytocin-4MKCl/20221711_K238A_none_20C_100mV_2/20221711_K238A_none_20C_100mV_2_CH002_000.abf,K238A,10uMOxytocin,20,100,002,2,000,20221711
